url_path,views_total,views_unique
/vhive-serverless/vSwarm-u,7,6
/vhive-serverless/vSwarm-u/blob/main/gem5utils/systems/skylake/caches.py,6,1
/vhive-serverless/vSwarm-u/blob/main/gem5utils/systems/skylake/core.py,5,1
/vhive-serverless/vSwarm-u/blob/main/gem5utils/systems/skylake/system.py,4,1
/vhive-serverless/vSwarm-u/blob/10a8f6b29bf0467add9d7080605404338c4ab432/simulation/wkdir-tmpl/vswarm_simple.tmpl.py,3,1
/vhive-serverless/vSwarm-u/tree/main/gem5utils/systems/skylake,2,1
/proxy_u/en-ru.ru.2a548c50-686f6c27-6703a7d9-74722d776562/https/github.com/vhive-serverless/vSwarm-u/issues/72,1,1
/vhive-serverless/vSwarm-u/blob/main/gem5utils/systems/skylake/x86.py,1,1
/vhive-serverless/vSwarm-u/discussions,1,1
/vhive-serverless/vSwarm-u/issues/71,1,1
